{
  "n_points": 2275.0,
  "equilibrium_energy_hartree": -76.0242882171,
  "equilibrium_r_angstrom": 0.95000065030083,
  "equilibrium_theta_deg": 104.99996251209413,
  "nu1_cm^-1": 4156.463155139605,
  "nu2_cm^-1": 1706.9288898606749
}