{
  "n_points": 2275.0,
  "equilibrium_energy_hartree": -398.675628032,
  "equilibrium_r_angstrom": 1.349999782271464,
  "equilibrium_theta_deg": 93.99995793827524,
  "nu1_cm^-1": 2774.3407323195675,
  "nu2_cm^-1": 1273.7482498599095
}